{"organisation":"VIC_Govt_DET","name":"vic_school_locations_2018","title":"VIC DET - School Locations for Victoria (Point) 01/02/2018","legal":{"copyrightYear":"2018","attributionYear":"2018","attribution":"{datasource.organisationTitle}, ({dataset.attributionYear}): {dataset.title}; accessed from SUDO on {dateOfAccess}.","clickthrough":false,"licenceType":"Creative Commons Attribution-ShareAlike 4.0 International (CC BY-SA 4.0)","copyrightNotice":"&copy; {datasource.organisationTitle} {dataset.copyrightYear}."},"referenceSystemIdentifier":"urn:x-ogc:def:crs:EPSG:4283","geoLevel":"NA","key":"ogc_fid","keyRegex":null,"availability":"true","geomField":"wkb_geometry","keyword":"School","theme":null,"temporalExtent":{"beginDate":"2018-02-01T00:00:00","endDate":"2018-02-01T00:00:00","selectTime":false},"type":"dataset","_id":"dataset-VIC_Govt_DET-vic_school_locations_2018-NA","bbox":[140.96,-39.16,149.98,-33.98],"abstract":"This dataset presents the listing of all school locations in Victoria as on February 2018, including primary and secondary schools, government and non-government. This information has been collected as part of the ongoing registration of schools. School details include name, school sector, school type, address, phone.<br/><br/>\n\nFor more information please visit the <a href=\"https://www.data.vic.gov.au/data/dataset/school-locations-2018\" target=\"_blank\">Victorian Government Data Portal</a>.\n\n<br/><br/>\nPlease Note:\n<ul>\n<li>SUDO has spatially enabled the original data.</li>\n</ul>","selectedAttributes":[{"name":"ogc_fid","type":"Integer","title":"Unique Identifier","description":"Unique Identifier.","isDimension":false},{"name":"address_line_1","type":"String","title":"Address Line 1","description":"Address line 1.","stype":"nominal","isDimension":false},{"name":"address_line_2","type":"String","title":"Address Line 2","description":"Address line 2.","stype":"nominal","isDimension":false},{"name":"address_postcode","type":"String","title":"Address Postcode","description":"Address postcode.","stype":"nominal","isDimension":false},{"name":"address_state","type":"String","title":"Address State","description":"Address state.","stype":"nominal","isDimension":false},{"name":"address_town","type":"String","title":"Address Town","description":"Address town.","stype":"nominal","isDimension":false},{"name":"education_sector","type":"String","title":"Education Sector","description":"Education sector.","stype":"nominal","isDimension":false},{"name":"entity_type","type":"String","title":"Entity Type","description":"Entity type.","stype":"nominal","isDimension":false},{"name":"full_phone_no","type":"String","title":"Phone Number","description":"Phone number.","stype":"nominal","isDimension":false},{"name":"lga_id","type":"String","title":"Local Government Area ID","description":"Local Government Area ID.","stype":"nominal","isDimension":false},{"name":"lga_name","type":"String","title":"Local Government Area Name","description":"Local Government Area name.","stype":"nominal","isDimension":false},{"name":"postal_address_line_1","type":"String","title":"Postal Address Line 1","description":"Postal address line 1.","stype":"nominal","isDimension":false},{"name":"postal_address_line_2","type":"String","title":"Postal Address Line 2","description":"Postal address line 2.","stype":"nominal","isDimension":false},{"name":"postal_postcode","type":"String","title":"Postal Postcode","description":"Postal postcode.","stype":"nominal","isDimension":false},{"name":"postal_state","type":"String","title":"Postal State","description":"Postal state.","stype":"nominal","isDimension":false},{"name":"postal_town","type":"String","title":"Postal town","description":"Postal town.","stype":"nominal","isDimension":false},{"name":"school_name","type":"String","title":"School Name","description":"School name.","stype":"nominal","isDimension":false},{"name":"school_no","type":"String","title":"Unique Identifer","description":"Unique Identifier","stype":"nominal","isDimension":false},{"name":"school_status","type":"String","title":"School Status","description":"School status.","stype":"nominal","isDimension":false},{"name":"school_type","type":"String","title":"School Type","description":"School type.","stype":"nominal","isDimension":false},{"name":"wkb_geometry","type":"Geometry","title":"Geometry","description":"Geometry.","isDimension":false},{"name":"x","type":"Double","title":"Longitude","description":"Longitude","isDimension":false},{"name":"y","type":"Double","title":"Latitude","description":"Latitude","isDimension":false}],"filter":{"filterType":"tabular","spatial":{"bbox":[140.961681984,-39.1591895275,149.976679008,-33.9806475865]},"states":["2"]}}