{"organisation":"AU_Govt_ABS","name":"abs_personal_income_total_income_sa2_2011_2018","title":"ABS - Personal Income - Total Income (SA2) 2011-2018","legal":{"copyrightYear":"2020","attributionYear":"2021","attribution":"{datasource.organisationTitle}, ({dataset.attributionYear}): {dataset.title}; accessed from SUDO on {dateOfAccess}.","clickthrough":false,"licenceType":"Creative Commons Attribution 4.0 International (CC BY 4.0)","copyrightNotice":"&copy; {datasource.organisationTitle} {dataset.copyrightYear}","suggestedCitation":"{datasource.organisationTitle}, ({dataset.attributionYear}): {dataset.title}; accessed from SUDO on {dateOfAccess}."},"referenceSystemIdentifier":"urn:x-ogc:def:crs:EPSG:4283","geoLevel":"sa2_2016","key":"sa2_code","keyRegex":null,"availability":"true","geomField":"wkb_geometry","keyword":"HUMAN SOCIETY,Demography,Population trends and policies ,HUMAN SOCIETY,Human geography,Economic geography ","theme":"population","temporalExtent":{"beginDate":"2011-07-01T00:00:00","endDate":"2018-06-30T00:00:00","selectTime":false},"type":"dataset","_id":"dataset-AU_Govt_ABS-abs_personal_income_total_income_sa2_2011_2018-sa2_2016","bbox":[112.92,-43.74,159.11,-9.14],"abstract":"This dataset presents information about total income. The data covers the financial years 2011-12 to 2017-18, and is based on Statistical Area Level 2 (SA2) according to the 2016 edition of the Australian Statistical Geography Standard (ASGS).\n<br><br>\n\nTotal Income is the sum of all reported income derived from Employee income, Own unincorporated business, Superannuation, Investments and Other income. Total income does not include the non-lodger population.\n<br><br>\n\nGovernment pensions, benefits or allowances are excluded from the Australian Bureau of Statistics (ABS) income data and do not appear in Other income or Total income. Pension recipients can fall below the income threshold that necessitates them lodging a tax return, or they may only receive tax free pensions or allowances. Hence they will be missing from the personal income tax data set. Recent estimates from the ABS Survey of Income and Housing (which records Government pensions and allowances) suggest that this component can account for between 9% to 11% of Total income.\n<br><br>\n\nAll monetary values are presented as gross pre-tax dollars, as far as possible. This means they reflect income before deductions and loses, and before any taxation or levies (e.g. the Medicare levy or the temporary budget repair levy) are applied. The amounts shown are nominal, they have not been adjusted for inflation. The income presented in this release has been categorised into income types, these categories have been devised by the ABS to closely align to ABS definitions of income.\n<br><br>\n\nThe statistics in this release are compiled from the Linked Employer Employee Dataset (LEED), a cross-sectional database based on administrative data from the Australian taxation system. The LEED includes more than 120 million tax records over seven consecutive years between 2011-12 and 2017-18.\n<br><br>\n\nPlease note:\n<ul>\n<li>All personal income tax statistics included in LEED were provided in de-identified form with no home address or date of birth. Addresses were coded to the ASGS and date of birth was converted to an age at 30 June of the reference year prior to data provision.</li>\n<li>To minimise the risk of identifying individuals in aggregate statistics, perturbation has been applied to the statistics in this release. Perturbation involves small random adjustment of the statistics and is considered the most satisfactory technique for avoiding the release of identifiable statistics, while maximising the range of information that can be released. These adjustments have a negligible impact on the underlying pattern of the statistics. Some cells have also been suppressed due to low counts.</li>\n<li>Totals may not align with the sum of their components due to missing or unpublished information in the underlying data and perturbation.</li>\n</ul>\n<br>\n\nFor further information please visit the <a href=\"https://www.abs.gov.au/methodologies/personal-income-australia-methodology/2011-12-2017-18\" target=\"_blank\">Australian Bureau of Statistics</a>.\n<br><br> SUDO has made the following changes to the original data:\n<ul>\n<li>Spatially enabled the <a href=\"https://www.abs.gov.au/statistics/labour/earnings-and-work-hours/personal-income-australia/latest-release#data-download\" target=\"_blank\">original data</a>.</li>\n<li>Set 'np' (not published to protect the confidentiality of individuals or businesses) values to Null.</li>\n</ul>","selectedAttributes":[{"name":"sa2_code","type":"String","title":"SA2 Code 2016","description":"sa2_code","stype":"nominal","isDimension":false},{"name":"earners_persons_2011_12","type":"Double","title":"Earners (persons) 2011-12","description":"earners_persons_2011_12","stype":"nominal","isDimension":false},{"name":"earners_persons_2012_13","type":"Double","title":"Earners (persons) 2012-13","description":"earners_persons_2012_13","stype":"nominal","isDimension":false},{"name":"earners_persons_2013_14","type":"Double","title":"Earners (persons) 2013-14","description":"earners_persons_2013_14","stype":"nominal","isDimension":false},{"name":"earners_persons_2014_15","type":"Double","title":"Earners (persons) 2014-15","description":"earners_persons_2014_15","stype":"nominal","isDimension":false},{"name":"earners_persons_2015_16","type":"Double","title":"Earners (persons) 2015-16","description":"earners_persons_2015_16","stype":"nominal","isDimension":false},{"name":"earners_persons_2016_17","type":"Double","title":"Earners (persons) 2016-17","description":"earners_persons_2016_17","stype":"nominal","isDimension":false},{"name":"earners_persons_2017_18","type":"Double","title":"Earners (persons) 2017-18","description":"earners_persons_2017_18","stype":"nominal","isDimension":false},{"name":"mean_aud_2011_12","type":"Double","title":"Mean ($) 2011-12","description":"mean_aud_2011_12","stype":"nominal","isDimension":false},{"name":"mean_aud_2012_13","type":"Double","title":"Mean ($) 2012-13","description":"mean_aud_2012_13","stype":"nominal","isDimension":false},{"name":"mean_aud_2013_14","type":"Double","title":"Mean ($) 2013-14","description":"mean_aud_2013_14","stype":"nominal","isDimension":false},{"name":"mean_aud_2014_15","type":"Double","title":"Mean ($) 2014-15","description":"mean_aud_2014_15","stype":"nominal","isDimension":false},{"name":"mean_aud_2015_16","type":"Double","title":"Mean ($) 2015-16","description":"mean_aud_2015_16","stype":"nominal","isDimension":false},{"name":"mean_aud_2016_17","type":"Double","title":"Mean ($) 2016-17","description":"mean_aud_2016_17","stype":"nominal","isDimension":false},{"name":"mean_aud_2017_18","type":"Double","title":"Mean ($) 2017-18","description":"mean_aud_2017_18","stype":"nominal","isDimension":false},{"name":"median_aud_2011_12","type":"Double","title":"Median ($) 2011-12","description":"median_aud_2011_12","stype":"nominal","isDimension":false},{"name":"median_aud_2012_13","type":"Double","title":"Median ($) 2012-13","description":"median_aud_2012_13","stype":"nominal","isDimension":false},{"name":"median_aud_2013_14","type":"Double","title":"Median ($) 2013-14","description":"median_aud_2013_14","stype":"nominal","isDimension":false},{"name":"median_aud_2014_15","type":"Double","title":"Median ($) 2014-15","description":"median_aud_2014_15","stype":"nominal","isDimension":false},{"name":"median_aud_2015_16","type":"Double","title":"Median ($) 2015-16","description":"median_aud_2015_16","stype":"nominal","isDimension":false},{"name":"median_aud_2016_17","type":"Double","title":"Median ($) 2016-17","description":"median_aud_2016_17","stype":"nominal","isDimension":false},{"name":"median_aud_2017_18","type":"Double","title":"Median ($) 2017-18","description":"median_aud_2017_18","stype":"nominal","isDimension":false},{"name":"median_age_of_earners_years_2011_12","type":"Double","title":"Median age of earners (years) 2011-12","description":"median_age_of_earners_years_2011_12","stype":"nominal","isDimension":false},{"name":"median_age_of_earners_years_2012_13","type":"Double","title":"Median age of earners (years) 2012-13","description":"median_age_of_earners_years_2012_13","stype":"nominal","isDimension":false},{"name":"median_age_of_earners_years_2013_14","type":"Double","title":"Median age of earners (years) 2013-14","description":"median_age_of_earners_years_2013_14","stype":"nominal","isDimension":false},{"name":"median_age_of_earners_years_2014_15","type":"Double","title":"Median age of earners (years) 2014-15","description":"median_age_of_earners_years_2014_15","stype":"nominal","isDimension":false},{"name":"median_age_of_earners_years_2015_16","type":"Double","title":"Median age of earners (years) 2015-16","description":"median_age_of_earners_years_2015_16","stype":"nominal","isDimension":false},{"name":"median_age_of_earners_years_2016_17","type":"Double","title":"Median age of earners (years) 2016-17","description":"median_age_of_earners_years_2016_17","stype":"nominal","isDimension":false},{"name":"median_age_of_earners_years_2017_18","type":"Double","title":"Median age of earners (years) 2017-18","description":"median_age_of_earners_years_2017_18","stype":"nominal","isDimension":false},{"name":"fid","type":"Integer","title":"Object ID","description":"fid","stype":"nominal","isDimension":false},{"name":"sa2_name","type":"String","title":"SA2 Name 2016","description":"sa2_name","stype":"nominal","isDimension":false},{"name":"sum_aud_2011_12","type":"Double","title":"Sum ($) 2011-12","description":"sum_aud_2011_12","stype":"nominal","isDimension":false},{"name":"sum_aud_2012_13","type":"Double","title":"Sum ($) 2012-13","description":"sum_aud_2012_13","stype":"nominal","isDimension":false},{"name":"sum_aud_2013_14","type":"Double","title":"Sum ($) 2013-14","description":"sum_aud_2013_14","stype":"nominal","isDimension":false},{"name":"sum_aud_2014_15","type":"Double","title":"Sum ($) 2014-15","description":"sum_aud_2014_15","stype":"nominal","isDimension":false},{"name":"sum_aud_2015_16","type":"Double","title":"Sum ($) 2015-16","description":"sum_aud_2015_16","stype":"nominal","isDimension":false},{"name":"sum_aud_2016_17","type":"Double","title":"Sum ($) 2016-17","description":"sum_aud_2016_17","stype":"nominal","isDimension":false},{"name":"sum_aud_2017_18","type":"Double","title":"Sum ($) 2017-18","description":"sum_aud_2017_18","stype":"nominal","isDimension":false}],"filter":{"filterType":"tabular","feature":{"key":"sa2_code","geoLevel":"sa2_2016","geoField":"ignored","year":"2006","featureBbox":[140.961681984,-39.159189527500004,149.976679008,-33.9806475865],"featureType":"ste","featureInstance":"2","featureName":"Victoria","referenceSystemIdentifier":"urn:x-ogc:def:crs:EPSG:4283","prefix":"","keyTransform":null},"states":["2"]}}